{
  "meta": {
    "model_name": "random_forest",
    "labels": [
      "angry",
      "disgust",
      "fear",
      "happy",
      "neutral",
      "sad",
      "surprise"
    ]
  },
  "results": {
    "accuracy": 0.6021372790793259,
    "f1_macro": 0.5057017717313685,
    "f1_micro": 0.6021372790793259,
    "f1_weighted": 0.584516182433647,
    "f1_per_class": [
      0.8328042328042328,
      0.3531746031746032,
      0.39658848614072495,
      0.42258064516129035,
      0.5170876671619614,
      0.5454545454545454,
      0.4722222222222222
    ],
    "confusion_matrix": [
      [
        787,
        13,
        3,
        46,
        13,
        0,
        3
      ],
      [
        70,
        89,
        7,
        42,
        60,
        37,
        0
      ],
      [
        48,
        14,
        93,
        38,
        37,
        74,
        0
      ],
      [
        67,
        21,
        34,
        131,
        39,
        11,
        2
      ],
      [
        14,
        26,
        9,
        40,
        174,
        36,
        0
      ],
      [
        20,
        34,
        16,
        13,
        48,
        174,
        0
      ],
      [
        19,
        2,
        3,
        5,
        3,
        1,
        17
      ]
    ],
    "classification_report": {
      "angry": {
        "precision": 0.7678048780487805,
        "recall": 0.9098265895953758,
        "f1-score": 0.8328042328042328,
        "support": 865.0
      },
      "disgust": {
        "precision": 0.4472361809045226,
        "recall": 0.29180327868852457,
        "f1-score": 0.3531746031746032,
        "support": 305.0
      },
      "fear": {
        "precision": 0.5636363636363636,
        "recall": 0.3059210526315789,
        "f1-score": 0.39658848614072495,
        "support": 304.0
      },
      "happy": {
        "precision": 0.4158730158730159,
        "recall": 0.42950819672131146,
        "f1-score": 0.42258064516129035,
        "support": 305.0
      },
      "neutral": {
        "precision": 0.46524064171123,
        "recall": 0.5819397993311036,
        "f1-score": 0.5170876671619614,
        "support": 299.0
      },
      "sad": {
        "precision": 0.5225225225225225,
        "recall": 0.5704918032786885,
        "f1-score": 0.5454545454545454,
        "support": 305.0
      },
      "surprise": {
        "precision": 0.7727272727272727,
        "recall": 0.34,
        "f1-score": 0.4722222222222222,
        "support": 50.0
      },
      "accuracy": 0.6021372790793259,
      "macro avg": {
        "precision": 0.565005839346244,
        "recall": 0.4899272457495118,
        "f1-score": 0.5057017717313685,
        "support": 2433.0
      },
      "weighted avg": {
        "precision": 0.590159335779774,
        "recall": 0.6021372790793259,
        "f1-score": 0.584516182433647,
        "support": 2433.0
      }
    }
  }
}