{
  "meta": {
    "model_name": "logistic_regression",
    "labels": [
      "angry",
      "disgust",
      "fear",
      "happy",
      "neutral",
      "sad",
      "surprise"
    ]
  },
  "results": {
    "accuracy": 0.5791204274558158,
    "f1_macro": 0.49678041746634144,
    "f1_micro": 0.5791204274558158,
    "f1_weighted": 0.5730429601920637,
    "f1_per_class": [
      0.8396173325830051,
      0.3716216216216216,
      0.3827392120075047,
      0.39464882943143814,
      0.42105263157894735,
      0.5435114503816794,
      0.5242718446601942
    ],
    "confusion_matrix": [
      [
        746,
        38,
        13,
        42,
        17,
        3,
        6
      ],
      [
        53,
        110,
        19,
        31,
        50,
        39,
        3
      ],
      [
        30,
        20,
        102,
        48,
        29,
        70,
        5
      ],
      [
        52,
        32,
        40,
        118,
        43,
        12,
        8
      ],
      [
        14,
        53,
        19,
        35,
        128,
        47,
        3
      ],
      [
        9,
        31,
        33,
        16,
        37,
        178,
        1
      ],
      [
        8,
        3,
        3,
        3,
        5,
        1,
        27
      ]
    ],
    "classification_report": {
      "angry": {
        "precision": 0.8179824561403509,
        "recall": 0.8624277456647399,
        "f1-score": 0.8396173325830051,
        "support": 865.0
      },
      "disgust": {
        "precision": 0.3832752613240418,
        "recall": 0.36065573770491804,
        "f1-score": 0.3716216216216216,
        "support": 305.0
      },
      "fear": {
        "precision": 0.44541484716157204,
        "recall": 0.3355263157894737,
        "f1-score": 0.3827392120075047,
        "support": 304.0
      },
      "happy": {
        "precision": 0.40273037542662116,
        "recall": 0.38688524590163936,
        "f1-score": 0.39464882943143814,
        "support": 305.0
      },
      "neutral": {
        "precision": 0.41423948220064727,
        "recall": 0.4280936454849498,
        "f1-score": 0.42105263157894735,
        "support": 299.0
      },
      "sad": {
        "precision": 0.5085714285714286,
        "recall": 0.5836065573770491,
        "f1-score": 0.5435114503816794,
        "support": 305.0
      },
      "surprise": {
        "precision": 0.5094339622641509,
        "recall": 0.54,
        "f1-score": 0.5242718446601942,
        "support": 50.0
      },
      "accuracy": 0.5791204274558158,
      "macro avg": {
        "precision": 0.4973782590126875,
        "recall": 0.49959932113182426,
        "f1-score": 0.49678041746634144,
        "support": 2433.0
      },
      "weighted avg": {
        "precision": 0.570134092196038,
        "recall": 0.5791204274558158,
        "f1-score": 0.5730429601920637,
        "support": 2433.0
      }
    }
  }
}