{
  "meta": {
    "model_name": "svm",
    "labels": [
      "angry",
      "disgust",
      "fear",
      "happy",
      "neutral",
      "sad",
      "surprise"
    ]
  },
  "results": {
    "accuracy": 0.6420057542129058,
    "f1_macro": 0.585275280858283,
    "f1_micro": 0.6420057542129058,
    "f1_weighted": 0.6414699209819629,
    "f1_per_class": [
      0.8792605430387059,
      0.46526655896607433,
      0.4672566371681416,
      0.46557377049180326,
      0.565625,
      0.5582922824302134,
      0.6956521739130435
    ],
    "confusion_matrix": [
      [
        761,
        32,
        15,
        41,
        11,
        1,
        4
      ],
      [
        33,
        144,
        15,
        41,
        44,
        27,
        1
      ],
      [
        23,
        24,
        132,
        34,
        25,
        64,
        2
      ],
      [
        36,
        35,
        38,
        142,
        44,
        7,
        3
      ],
      [
        6,
        36,
        15,
        28,
        181,
        33,
        0
      ],
      [
        2,
        41,
        42,
        15,
        35,
        170,
        0
      ],
      [
        5,
        2,
        4,
        4,
        1,
        2,
        32
      ]
    ],
    "classification_report": {
      "angry": {
        "precision": 0.8787528868360277,
        "recall": 0.8797687861271676,
        "f1-score": 0.8792605430387059,
        "support": 865.0
      },
      "disgust": {
        "precision": 0.4585987261146497,
        "recall": 0.4721311475409836,
        "f1-score": 0.46526655896607433,
        "support": 305.0
      },
      "fear": {
        "precision": 0.5057471264367817,
        "recall": 0.4342105263157895,
        "f1-score": 0.4672566371681416,
        "support": 304.0
      },
      "happy": {
        "precision": 0.46557377049180326,
        "recall": 0.46557377049180326,
        "f1-score": 0.46557377049180326,
        "support": 305.0
      },
      "neutral": {
        "precision": 0.530791788856305,
        "recall": 0.6053511705685619,
        "f1-score": 0.565625,
        "support": 299.0
      },
      "sad": {
        "precision": 0.5592105263157895,
        "recall": 0.5573770491803278,
        "f1-score": 0.5582922824302134,
        "support": 305.0
      },
      "surprise": {
        "precision": 0.7619047619047619,
        "recall": 0.64,
        "f1-score": 0.6956521739130435,
        "support": 50.0
      },
      "accuracy": 0.6420057542129058,
      "macro avg": {
        "precision": 0.5943685124223025,
        "recall": 0.5792017786035191,
        "f1-score": 0.585275280858283,
        "support": 2433.0
      },
      "weighted avg": {
        "precision": 0.6424587663397053,
        "recall": 0.6420057542129058,
        "f1-score": 0.6414699209819629,
        "support": 2433.0
      }
    }
  }
}