{
  "meta": {
    "model_name": "xgboost",
    "labels": [
      "angry",
      "disgust",
      "fear",
      "happy",
      "neutral",
      "sad",
      "surprise"
    ]
  },
  "results": {
    "accuracy": 0.6370735717221537,
    "f1_macro": 0.5676819778479835,
    "f1_micro": 0.6370735717221537,
    "f1_weighted": 0.6355506901500177,
    "f1_per_class": [
      0.8788571428571429,
      0.4376068376068376,
      0.5036764705882353,
      0.45891472868217054,
      0.5294117647058824,
      0.5606557377049181,
      0.6046511627906976
    ],
    "confusion_matrix": [
      [
        769,
        20,
        9,
        50,
        11,
        1,
        5
      ],
      [
        35,
        128,
        15,
        45,
        53,
        28,
        1
      ],
      [
        20,
        25,
        137,
        39,
        26,
        54,
        3
      ],
      [
        43,
        24,
        39,
        148,
        41,
        9,
        1
      ],
      [
        8,
        39,
        10,
        32,
        171,
        39,
        0
      ],
      [
        5,
        38,
        25,
        22,
        44,
        171,
        0
      ],
      [
        5,
        6,
        5,
        4,
        1,
        3,
        26
      ]
    ],
    "classification_report": {
      "angry": {
        "precision": 0.8689265536723164,
        "recall": 0.8890173410404625,
        "f1-score": 0.8788571428571429,
        "support": 865.0
      },
      "disgust": {
        "precision": 0.45714285714285713,
        "recall": 0.419672131147541,
        "f1-score": 0.4376068376068376,
        "support": 305.0
      },
      "fear": {
        "precision": 0.5708333333333333,
        "recall": 0.4506578947368421,
        "f1-score": 0.5036764705882353,
        "support": 304.0
      },
      "happy": {
        "precision": 0.43529411764705883,
        "recall": 0.4852459016393443,
        "f1-score": 0.45891472868217054,
        "support": 305.0
      },
      "neutral": {
        "precision": 0.49279538904899134,
        "recall": 0.5719063545150501,
        "f1-score": 0.5294117647058824,
        "support": 299.0
      },
      "sad": {
        "precision": 0.5606557377049181,
        "recall": 0.5606557377049181,
        "f1-score": 0.5606557377049181,
        "support": 305.0
      },
      "surprise": {
        "precision": 0.7222222222222222,
        "recall": 0.52,
        "f1-score": 0.6046511627906976,
        "support": 50.0
      },
      "accuracy": 0.6370735717221537,
      "macro avg": {
        "precision": 0.5868386015388138,
        "recall": 0.5567364801120226,
        "f1-score": 0.5676819778479835,
        "support": 2433.0
      },
      "weighted avg": {
        "precision": 0.6378154591070986,
        "recall": 0.6370735717221537,
        "f1-score": 0.6355506901500177,
        "support": 2433.0
      }
    }
  }
}